package_name,package_id,wsid,map_name,map_id
Coop/Freeflight,quickMPFlights,Coop/Freeflight,F-45 Cooperative Mission,45_pveStrike
Coop/Freeflight,quickMPFlights,Coop/Freeflight,Free Flight / Airshow,airshowFreeflight
Coop/Freeflight,quickMPFlights,Coop/Freeflight,F/A-26B Naval Strike Mission,mp_navalMission
Coop/Freeflight,quickMPFlights,Coop/Freeflight,Naval Strike - EW Edition,mp_navalMission2
PVP Scenarios,mp_PVPScenarios,PVP Scenarios,A2A BVR Combat,26b_bvrTest
PVP Scenarios,mp_PVPScenarios,PVP Scenarios,Dogfight Guns'n'Heaters,26b_dogfightGunsMissiles
PVP Scenarios,mp_PVPScenarios,PVP Scenarios,AV-42C Deathmatch,42c_deathmatch
PVP Scenarios,mp_PVPScenarios,PVP Scenarios,Capture the Flag,Capture the Flag
PVP Scenarios,mp_PVPScenarios,PVP Scenarios,F/A-26B Dogfight (Guns Only),mp_26bDogfightGuns
PVP Scenarios,mp_PVPScenarios,PVP Scenarios,PVP Strike Mission,mp_baseAttack
PVP Scenarios,mp_PVPScenarios,PVP Scenarios,Economy War,mp_exileRidge_pvpve
PVP Scenarios,mp_PVPScenarios,PVP Scenarios,PVP Strike Mission (Budget),mp_pvpStrikeBudget
PVP Scenarios,mp_PVPScenarios,PVP Scenarios,[LOW TECH] PVP Strike Mission,mp_pvpStrikeLowTech
AH-94 Multicrew,ah94-mpMissions,AH-94 Multicrew,Urban Liberation,ah94_mp1
AH-94 Multicrew,ah94-mpMissions,AH-94 Multicrew,Midnight Assassin,ah94_mp2_coast
AH-94 Quick Flight,ah94-quickFlight_mp,AH-94 Quick Flight,AH-94 Deathmatch 4v4,ah94_4v4pvp
AH-94 Quick Flight,ah94-quickFlight_mp,AH-94 Quick Flight,AH-94 Free Flight,ah94_mpFreeFlight
AH-94 Quick Flight,ah94-quickFlight_mp,AH-94 Quick Flight,Arctic Assault,arcticAssault
AH-94 Quick Flight,ah94-quickFlight_mp,AH-94 Quick Flight,Flight Practice,flightPractice
AH-94 Quick Flight,ah94-quickFlight_mp,AH-94 Quick Flight,Small Arms,smallArms
AH-94 Quick Flight,ah94-quickFlight_mp,AH-94 Quick Flight,Surprise Attack,surpriseAttack
AH-94 Quick Flight,ah94-quickFlight_mp,AH-94 Quick Flight,Target Practice,Target Practice
T-55 Multiplayer,t55-mpMissions,T-55 Multiplayer,Attack Practice,attackPractice
T-55 Multiplayer,t55-mpMissions,T-55 Multiplayer,BFM Practice (PVP),bfmPractice
T-55 Multiplayer,t55-mpMissions,T-55 Multiplayer,Naval Patrol Training,navalPatrol
T-55 Multiplayer,t55-mpMissions,T-55 Multiplayer,Coastal Defense,strike1
Border War,t55-borderWar_mp,Border War,Show Of Force,01-showOfForce
Border War,t55-borderWar_mp,Border War,Raiding the Nest,02-nestRaid
Border War,t55-borderWar_mp,Border War,SEAD,03-sead
Border War,t55-borderWar_mp,Border War,Danger Close,04-cas
Border War,t55-borderWar_mp,Border War,Checkmate,05-elimination
EF-24 Multicrew,ef24_mpMissions,EF-24 Multicrew,Peacekeeper,antiproliferation
EF-24 Multicrew,ef24_mpMissions,EF-24 Multicrew,Valley of Death,Valley of Death
One Minute to Midnight,ef24_spCampaign_mp,One Minute to Midnight,DEAD Islands,0-islandSead
One Minute to Midnight,ef24_spCampaign_mp,One Minute to Midnight,Homesick,1-homesick
One Minute to Midnight,ef24_spCampaign_mp,One Minute to Midnight,Blinding Darkness,2-blindingDarkness
One Minute to Midnight,ef24_spCampaign_mp,One Minute to Midnight,House Cleaning,3-houseCleaning
One Minute to Midnight,ef24_spCampaign_mp,One Minute to Midnight,Bomber Intercept,4-bomberIntercept
One Minute to Midnight,ef24_spCampaign_mp,One Minute to Midnight,Operation 2359,5-operation2359
Headless Server,Headless Server,2860956181,BVR afMtnsHills,BVR afMtnsHills
Headless Server,Headless Server,2860956181,BVR Archipel,BVR Archipel
Headless Server,Headless Server,2860956181,BVR Crack,BVR Crack
Headless Server,Headless Server,2860956181,BVR Dnalreztiws,BVR Dnalreztiws
Headless Server,Headless Server,2860956181,BVR Ethi5,BVR Ethi5
Headless Server,Headless Server,2860956181,BVR Fyord2,BVR Fyord2
Headless Server,Headless Server,2860956181,BVR George,BVR George
Headless Server,Headless Server,2860956181,BVR hMap2,BVR hMap2
Headless Server,Headless Server,2860956181,BVR Ocixem,BVR Ocixem
Headless Server,Headless Server,2860956181,BVR Pillars,BVR Pillars
Headless Server,Headless Server,2860956181,BVR Tepui,BVR Tepui
Headless Server,Headless Server,2860956181,BVR MtnLakes,BVR MtnLakes
8v8 BVR PACK,MP TEST,3583755382,Dragon's Valley,Dragon's Valley
8v8 BVR PACK,MP TEST,3583755382,Fjord Coast,Fjord Coast
8v8 BVR PACK,MP TEST,3583755382,Black Tulips,Black Tulips
Headless Server,Headless Server,3468735890,BVR afMtnsHills,BVR afMtnsHills
Headless Server,Headless Server,3468735890,BVR MtnLakes,BVR MtnLakes
Headless Server,Headless Server,3468735890,BVR Pillars,BVR Pillars
Headless Server,Headless Server,3468735890,BVR Archipel,BVR Archipel
Headless Server,Headless Server,3468735890,BVR Crack,BVR Crack
Headless Server,Headless Server,3468735890,BVR Ethi5,BVR Ethi5
Headless Server,Headless Server,3468735890,BVR Tepui,BVR Tepui
Headless Server,Headless Server,3468735890,BVR Fyord2,BVR Fyord2
Headless Server,Headless Server,3468735890,BVR George,BVR George
Headless Server,Headless Server,3468735890,BVR Dnalreztiws,BVR Dnalreztiws
Headless Server,Headless Server,3468735890,BVR hMap2,BVR hMap2
Headless Server,Headless Server,3468735890,BVR Ocixem,BVR Ocixem
Training/Fighting Arena ,Pilot training camp,3355613749,飞行员训练营(Training Camp),AllTraining
Training/Fighting Arena ,Pilot training camp,3355613749,飞行员训练营(Training Camp Mod Planes Ver),AllTrainingPlusF16
Training/Fighting Arena ,Pilot training camp,3355613749,1vs1 Merge Dogfight Arena(Guns Only),MergeLarge
Training/Fighting Arena ,Pilot training camp,3355613749,1vs1 Merge Dogfight Arena(GunsOrHeaters),MergeGunsHeaters
Training/Fighting Arena ,Pilot training camp,3355613749,1vs1 Merge Dogfight Arena(Mod Ver),MergeGunMod
Training/Fighting Arena ,Pilot training camp,3355613749,Missile evasion practice,Missile evasion practice
Virtuous Missions,MP Mission Pack,3535891674,Fleet Duel,Fleet Duel
Virtuous Missions,MP Mission Pack,3535891674,Airbase Raid,Part 1
Virtuous Missions,MP Mission Pack,3535891674,Fog of War,Part 2
Virtuous Missions,MP Mission Pack,3535891674,Port Defenders,Part 3 AH-94 Strike
Operation Dust Devil,Operation Dust Devil,3074940717,Week 1-3 Snaplock,Week 1
Operation Dust Devil,Operation Dust Devil,3074940717,Week 2-3 Scorched Earth,Week 2
Operation Dust Devil,Operation Dust Devil,3074940717,Week 3-3 Emergency SOS,Week 3
Operation Dust Devil,Operation Dust Devil,3074940717,Week 4-3 Drone Facility Assault,Week 4
Operation Dust Devil,Operation Dust Devil,3074940717,Week 5-3 Tower of Babel,Week 5
Missile Evasion Training,MSL EVASIVE TRAINING,3161889281,AIM120C,AIM120C
Missile Evasion Training,MSL EVASIVE TRAINING,3161889281,AIM120D,AIM120D
Missile Evasion Training,MSL EVASIVE TRAINING,3161889281,PVP Scenario,PVP Trainning
Missile Evasion Training,MSL EVASIVE TRAINING,3161889281,PVP Scenario Infinite ammo,PVP Unlimited
1V1 F-26 ,1V1 f-26,2852088319,1V1 f-26,1V1 f-26
1V1 F-26 ,1V1 f-26,2852088319,2V2 f-26,2V2 f-26
1V1 F-26 ,1V1 f-26,2852088319,F-26 3V1,1V3 F-26
1V1 F-26 ,1V1 f-26,2852088319,1V1 F-26 + AI,1V1 + AI
1V1 F-26 ,1V1 f-26,2852088319,1V1 F-45 vs F-26,1V1 F45 vs F-26
1V1 F-26 ,1V1 f-26,2852088319,3V3 F-26,3V3 F-26
1v1 all aicraft,1v1 All aircraft,2928362205,All aircraft 1v1,1v1 (f45)
1v1 all aicraft,1v1 All aircraft,2928362205,1v1 AH-94 (infinite ammo),1v1 (infinite ammo)
OP: OAK TREE,OPERATION OAK TREE,3574063672,Stealth strike,stealth strike
Operation: Iron Oxide,redflag,3565977220,Internal Purge,REDFLAG
Operation: Iron Oxide,redflag,3565977220,Heaven Piercer,HEAVENPIERCER
Operation: Iron Oxide,redflag,3565977220,Sea of Blood,WW
Progressive CAS,Gulf Of Aiden Progressive CAS,2854841776,Progressive CAS - AH-94,Progressive CAS - AH-94
Progressive CAS,Gulf Of Aiden Progressive CAS,2854841776,Progressive CAS - Mixed Wing,Progressive CAS - Mixed Wing
Operation Windthrow,Operation Windthrow,3020376148,Week 1-2 - Charlie Foxtrot,OPWT Week 1
Operation Windthrow,Operation Windthrow,3020376148,Week 2-2 - AH-94 C.A.S.,Week 2
Operation Windthrow,Operation Windthrow,3020376148,Week 3-2 - Griffinport Evacuations,Week 3
Operation Windthrow,Operation Windthrow,3020376148,Week 4-2 - Empty Quiver,Week 4
Operation Windthrow,Operation Windthrow,3020376148,Week 5-2 - Battle for the Bay,week 5
Operation Beta-5,Operation Beta-5,3233663707,Operation Beta-5,Operation Beta-5
Operation: Coming Storm,Operation Black Dawn,3460173483,Operation: Coming Storm Day 1,test4
Operation: Coming Storm,Operation Black Dawn,3460173483,Operation: Reaper Down,Operation Reaper Down
Operation: Coming Storm,Operation Black Dawn,3460173483,untitled,Operation Iron Reign
Basic training,Basic trainning for beginners,3296875580,Level_1_Daytime,Takeoff&Landing
Basic training,Basic trainning for beginners,3296875580,Level_1_Complex weather,Level_1_Night
Basic training,Basic trainning for beginners,3296875580,carrier landing,Carrier landing
Basic training,Basic trainning for beginners,3296875580,missile evading,missile evading
Basic training,Basic trainning for beginners,3296875580,SAM evation,SAM evading_1
Operation November Rising,operationNovemberUprising_mp,3567449389,1: A single mistake,ONU1
Operation November Rising,operationNovemberUprising_mp,3567449389,2: A year later,ONR2
Operation November Rising,operationNovemberUprising_mp,3567449389,3: rebel strike,ONR3
Operation November Rising,operationNovemberUprising_mp,3567449389,4: Turning tides,ONR4
Operation November Rising,operationNovemberUprising_mp,3567449389,5: Secrets,ONR5
Operation November Rising,operationNovemberUprising_mp,3567449389,6: The sunken city,ONR6
Operation November Rising,operationNovemberUprising_mp,3567449389,7: Inside the Hive,ONR7
Operation November Rising,operationNovemberUprising_mp,3567449389,8: downfall,ONR8
The Citadel,Untitled,3149305203,The Citadel,The Citadel
The Citadel,Untitled,3149305203,The Citadel (Easy),The Citadel (Easy)
bvr training,bvr training,3484421912,road to ace,bvr training
bvr training,bvr training,3484421912,kill the E4,kill e4
bvr training,bvr training,3484421912,kill the E4 easy,kill the e4 easy
DartVR 2025 Campaign,DartVR's 2025 Campaign,3422534438,Tutorial 2025,Tutorial 2025
DartVR 2025 Campaign,DartVR's 2025 Campaign,3422534438,Building A Fleet,Building the Fleet
DartVR 2025 Campaign,DartVR's 2025 Campaign,3422534438,Battle of the Serdio Islands,Battle of the Serdio Islands
DartVR 2025 Campaign,DartVR's 2025 Campaign,3422534438,Base Defense,Base Defense
DartVR 2025 Campaign,DartVR's 2025 Campaign,3422534438,Carrier Defense 2025,Carrier Defense 2025
DartVR 2025 Campaign,DartVR's 2025 Campaign,3422534438,A Tale of 2 Cities,A Tale of 2 Cities
DartVR 2025 Campaign,DartVR's 2025 Campaign,3422534438,Operation Bass Drop,Operation Bass Drop
DartVR 2025 Campaign,DartVR's 2025 Campaign,3422534438,Carrier Defense Pt 2 2025,Carrier Defense 2 2025
DartVR 2025 Campaign,DartVR's 2025 Campaign,3422534438,Airline Transport,DartVR Airlines
DartVR 2025 Campaign,DartVR's 2025 Campaign,3422534438,2nd Battle of Serdio Islands,2nd Battle of Serdio Islands
DartVR 2025 Campaign,DartVR's 2025 Campaign,3422534438,Hurricane Carrier Landing Practice,Hurricane Carrier Practice
DartVR 2025 Campaign,DartVR's 2025 Campaign,3422534438,Base Assault,Base Assault
DartVR 2025 Campaign,DartVR's 2025 Campaign,3422534438,Open Ocean Battle,Open Ocean Battle
DartVR 2025 Campaign,DartVR's 2025 Campaign,3422534438,Air to Ground Forever Mission 2025,ATG 4 Ever & Ever
DartVR 2025 Campaign,DartVR's 2025 Campaign,3422534438,ATA Forever,ATA 4 Ever & Ever
DartVR 2025 Campaign,DartVR's 2025 Campaign,3422534438,ATS forever and ever Rebuild,Infinte Air to Sea
Dynamic Hawaii Liberation,hawaii,3472385651,Dynamic Hawaii Liberation - Easy,kawaii easy
Dynamic Hawaii Liberation,hawaii,3472385651,Dynamic Hawaii Liberation - Medium,kawaii medium
Dynamic Hawaii Liberation,hawaii,3472385651,Dynamic Hawaii Liberation - Hard,kawaii hard
Dynamic Hawaii Liberation,hawaii,3472385651,Dynamic Hawaii Liberation - Lunatic!!!,kawaii lunatic
防守(第一周目),防守,3125566753,防守,防守
4v4 Scrim Tournament,SCRIM,3469008353,4v4 Scrim Tournament,Scrim
Scrim,SCRIM,3294497886,Scrim,Scrim
Greek Liberation Evolved,Greek Liberation Evolved,3049717035,Greek Liberation Evolved,Greek Liberation Evolved
Greek Liberation Evolved,Greek Liberation Evolved,3049717035,Greek Liberation Evolved FOB,Greek Liberation Evolved FOB
剧情向多人任务,双人任务,3462232617,海岛突击-双人,Maverick
MP Op:Desert Cobra (with F,mp-opDesertCobra_f16,3407546232,Base Defense,mission1
MP Op:Desert Cobra (with F,mp-opDesertCobra_f16,3407546232,Retaliation,mission2
MP Op:Desert Cobra (with F,mp-opDesertCobra_f16,3407546232,Strike on Naval Test Lake,mission3
MP Op:Desert Cobra (with F,mp-opDesertCobra_f16,3407546232,Tanker Escort,mission4
MP Op:Desert Cobra (with F,mp-opDesertCobra_f16,3407546232,Departure,mission5
MP Op:Desert Cobra (with F,mp-opDesertCobra_f16,3407546232,Northern Assault,mission6
MP Op:Desert Cobra (with F,mp-opDesertCobra_f16,3407546232,Striking Oil,mission7
MP Op:Desert Cobra (with F,mp-opDesertCobra_f16,3407546232,Decapitation,mission8
Korean War Continued,Korean War Continued,3414667675,Peninsula Liberation,Peninsula Liberation
AH-94 Seek & Destroy COOP,AH-94 Seek & Destroy COOP,2955336982,AH-94 Seek & Destroy Mountain Ops,AH-94 Seek & Destroy x2 FA-26B
AH-94 Seek & Destroy COOP,AH-94 Seek & Destroy COOP,2955336982,AH-94 Seek And Destroy Desert Ops,AH-94 Seek and Destroy Africa
AH-94: Joint Operations,Operation_Typhoon_mp,2807616787,[WIP] Weapons Training / Free Flight,Training
AH-94: Joint Operations,Operation_Typhoon_mp,2807616787,AH-94 Ops: Tidal Wave,WELCOME TO KHOST (2)
AH-94: Joint Operations,Operation_Typhoon_mp,2807616787,AH-94 Ops: Interdiction,Operation Interdiction Pt.1
AH-94: Joint Operations,Operation_Typhoon_mp,2807616787,AH-94 Ops: Interdiction II,Operation Interdiction Pt.2
AH-94: Joint Operations,Operation_Typhoon_mp,2807616787,[NOT PLAYABLE] OPENWORLD.DYNAMIC,OPENWORLD.DYNAMIC
Operation: Cerberus,Operation Cerberus,3445248092,Operation Cerberus: Day 1 Combined Arms,OperationCerberusUkraine
Operation: Cerberus,Operation Cerberus,3445248092,Operation Cerberus: Day 1 AV-42/AH-94,OperationCerberusRotary
Operation: Cerberus,Operation Cerberus,3445248092,Operation Cerberus: Day 1 Jets Only,OperationCerberusFixedWing
MP Op:Desert Cobra,mp-opDesertCobra,2953597609,Base Defense,mission1
MP Op:Desert Cobra,mp-opDesertCobra,2953597609,Retaliation,mission2
MP Op:Desert Cobra,mp-opDesertCobra,2953597609,Strike on Naval Test Lake,mission3
MP Op:Desert Cobra,mp-opDesertCobra,2953597609,Tanker Escort,mission4
MP Op:Desert Cobra,mp-opDesertCobra,2953597609,Departure,mission5
MP Op:Desert Cobra,mp-opDesertCobra,2953597609,Northern Assault,mission6
MP Op:Desert Cobra,mp-opDesertCobra,2953597609,Striking Oil,mission7
MP Op:Desert Cobra,mp-opDesertCobra,2953597609,Decapitation,mission8
NO NONSENSE CARRIER,NO NONSENSE CARRIER,3167536187,NO NONSENSE CARRIER,no nonsense carrier
bvr match,bvr match,3377430551,bvr for the match,bvr hmap2
bvr match,bvr match,3377430551,bvr with ef24 only,bvr f24 only
bvr match,bvr match,3377430551,bvr f26-55,bvr f26 only
bvr match,bvr match,3377430551,bvr 8v8,bvr 8v8
bvr match,bvr match,3377430551,bvr for the match with f16,bvr hmap2 with f16
Desert Liberation,Test,3300369267,Liberation Day 1,Liberation Day 1
Desert Liberation,Test,3300369267,Liberation Day 2,Liberation Day 2
Desert Liberation,Test,3300369267,Liberation Day 3,Liberation Day 3
Desert Liberation,Test,3300369267,Liberation Day 1 Modded,Liberation Day 1 Modded
Desert Liberation,Test,3300369267,Liberation Day 2 Modded,Liberation Day 2 Modded
Desert Liberation,Test,3300369267,Liberation Day 3 Modded,Liberation Day 3 Modded
AH-94 City Missions,AH-94 City missions,2795203123,Port attack,Flashpoint
AH-94 City Missions,AH-94 City missions,2795203123,Town Cache,City CQB
AH-94 City Missions,AH-94 City missions,2795203123,City Attack,big city
AH-94 City Missions,AH-94 City missions,2795203123,VERY TEMP (not close to being done),night city
AH-94 City Missions,AH-94 City missions,2795203123,Night Traitor,2 Heli event
Ice and Fire,Land of Ice and Fire,3134354733,Akureyri Assault (Co-op),Akureyri Assault (Co-op)
Ice and Fire,Land of Ice and Fire,3134354733,Akureyri Assault (PvPvE),Akureyri Assault (PvPvE)
Ice and Fire,Land of Ice and Fire,3134354733,Akureyri Assault (PvPvE hard),Akureyru Assault (PvPvE hard)
Desert Assault,K2's Missions,2985527829,Desert Assault (1-4),Desert Assault
Desert Assault,K2's Missions,2985527829,Desert Assault (4-9),Desert Assault (hard)
N.CALI STRIKE MISSION,NCAL T55 MLSM,3309292065,T-55 NORTHERN CALIFORNIA 01,N. CALI T55
N.CALI STRIKE MISSION,NCAL T55 MLSM,3309292065,EF24G NORTHERN CALIFORNIA 01,N. CALI EF24G
N.CALI STRIKE MISSION,NCAL T55 MLSM,3309292065,FA26/EF24G NORTHERN CALIFORNIA 01,N. CALI EF24G-FA26B
N.CALI STRIKE MISSION,NCAL T55 MLSM,3309292065,F-45A NORTHERN CALIFORNIA 01,N. CALI F45
N.CALI STRIKE MISSION,NCAL T55 MLSM,3309292065,FA26B/F-45A NORTHERN CALIFORNIA 01,N. CALI F45-FA26
N.CALI STRIKE MISSION,NCAL T55 MLSM,3309292065,FA26/EF24G NORTHERN CALIFORNIA 01,N. CALI EF24G-F45A
A2A BVR PVP (FA-26 Only),kkk,2866000584,FA26 BVR PVP,FA26BVRPVP
1v1 BFM Practice,1v1 BFM Practice_mp,3341933297,1v1 BFM Practice,Split Islands
1v1 BFM Practice,1v1 BFM Practice_mp,3341933297,1v1 BFM Transition Practice,Mtn Lake
1v1 BFM Practice,1v1 BFM Practice_mp,3341933297,1v1 City BFM Practice,1v1 City BFM Practice
1v1 BFM Practice,1v1 BFM Practice_mp,3341933297,1v1 Mountains BFM Practice,1v1 Mountains BFM Practice
1v1 BFM Practice,1v1 BFM Practice_mp,3341933297,1v1 Valley BFM Practice,1v1 Switzerland BFM Practice
1v1 BFM Practice,1v1 BFM Practice_mp,3341933297,1v1 Pop-up BFM Practice,1v1 Pop-up Ridge BFM
局部战争,战争游戏,3002536508,打狗看主人,打狗看主人
局部战争,战争游戏,3002536508,对马岛之战,对马岛之战
CAW OPs,CAW OPs,2995731226,Operation Cinderella,Operation Cinderella
CAW OPs,CAW OPs,2995731226,Operation Hail Storm,Operation Hail Storm
CAW OPs,CAW OPs,2995731226,Operation Queenbreaker,Operation Queenbreaker
CAW OPs,CAW OPs,2995731226,Operation Lawbringer,Operation Lawbringer
CAW OPs,CAW OPs,2995731226,Operation Nightcrawler,Operation Nightcrawler
CAW OPs,CAW OPs,2995731226,Operation Northstar,Operation Northstar
CAW OPs,CAW OPs,2995731226,Operation Steel Haze,Operation Steel Haze
CAW OPs,CAW OPs,2995731226,Operation Bird's Nest,Operation Bird's Nest
CAW OPs,CAW OPs,2995731226,Operation Blue Moon,Operation Blue Moon
CAW OPs,CAW OPs,2995731226,Operation Happy Hour,Operation Happy Hour
CAW OPs,CAW OPs,2995731226,Operation Blackjack,Operation Blackjack
CAW OPs,CAW OPs,2995731226,Operation Rising Sun,Operation Rising Sun
CAW OPs,CAW OPs,2995731226,Operation Home Run,Operation Home Run
CAW OPs,CAW OPs,2995731226,Operation Ragnarok,Operation Ragnarok
CAW OPs,CAW OPs,2995731226,Operation Jötunn,Operation Jötunn
CAW OPs,CAW OPs,2995731226,Operation Excalibur,Operation Excalibur
CAW OPs,CAW OPs,2995731226,Operation Highlander,Operation Highlander
CAW OPs,CAW OPs,2995731226,Operation Big Game,Operation Big Game
CAW OPs,CAW OPs,2995731226,Operation Guillotine,Operation Guillotine
CAW OPs,CAW OPs,2995731226,Operation Guillotine,Operation Queen’s Gambit
CAW OPs V5,cawopsjan24,3138456330,OP: BULL PEN,china2
CAW OPs V5,cawopsjan24,3138456330,CASE 3 Testing,case3test
CAW OPs V5,cawopsjan24,3138456330,OP: HONEYPOT,china3
CAW OPs V5,cawopsjan24,3138456330,OP: LOCKSMITH,russ1
CAW OPs V5,cawopsjan24,3138456330,OP: OPEN SEASON,russ2
CAW OPs V5,cawopsjan24,3138456330,OP: BREAD LINE,russ3
CAW OPs V5,cawopsjan24,3138456330,OP: KICKOFF,kor1.2
CAW OPs V5,cawopsjan24,3138456330,OP: SLOW COOKED,guam1
CAW OPs V5,cawopsjan24,3138456330,a,guam2
BVR Pro for f26+t55,bvr,2980002435,BVR Pro no AIRS-T 8vs8 F26+t55,BVR 8v8 No Airs-t
BVR Pro for f26+t55,bvr,2980002435,BVR T55 only no AIRS-T 8vs8,BVR T55 only no AIRS-T 8vs8
BVR Pro for f26+t55,bvr,2980002435,Fast BVR T55 only no AIRS-T 8vs8,Fast BVR T55 only no AIRST 8V8
BVR Pro for f26+t55,bvr,2980002435,BVR Pro no AIRS-T 8vs8 F26 only,BVR F26 only 8v8 no AIRST
BVR Pro for f26+t55,bvr,2980002435,BVR for match f26 only,f26 BVR for match
BVR Pro for f26+t55,bvr,2980002435,Fast BVR f26 only no AIRS-T 8vs8,fast bvr f26 no airst
BVR Pro for f26+t55,bvr,2980002435,Fast BVR f26 2v2,f26 2v2
Advanced Skill Req TopGun ,top gun test 2_mp,3288801427,Top Gun Maverick,Maverick pre alpha
Advanced Skill Req TopGun ,top gun test 2_mp,3288801427,Top Gun Maverick Part 2,Mavericks Escape
The TaskForce,Carrier Taskforce PvE,2794711705,Carrier StrikeGroup,So_it_begins
air superiority,Ef-24g,3120925904,Air Superiority,Ef-24G mission
air superiority,Ef-24g,3120925904,EF-24G PVP,Ef-24G PVP
Fast BVR Map Pack 2,PvP Custom 2,2809129213,Fast BVR Sagarmatha,Fast BVR Everest
Fast BVR Map Pack 2,PvP Custom 2,2809129213,Fast BVR DMZ,Fast BVR DMZ
Fast BVR Map Pack 2,PvP Custom 2,2809129213,Fast BVR Sandstorm,Fast BVR Sahara
Fast BVR Map Pack 2,PvP Custom 2,2809129213,Fast BVR Island Hopper,Fast BVR Island Hopper
Fast BVR Map Pack 2,PvP Custom 2,2809129213,Fast BVR Sagarmatha No AIRS-T,Sagarmatha No AIRST
Fast BVR Map Pack 2,PvP Custom 2,2809129213,Fast BVR DMZ No AIRS-T,DMZ No AIRST
Fast BVR Map Pack 2,PvP Custom 2,2809129213,Fast BVR Sandstorm No AIRS-T,Sahara No AIRST
Fast BVR Map Pack 2,PvP Custom 2,2809129213,Fast BVR Island Hopper No AIRS-T,Islandhop No AIRST
Fast BVR Map Pack 2,PvP Custom 2,2809129213,Fast BVR Sagarmatha FA26B Only,Sagarmatha FA26
Fast BVR Map Pack 2,PvP Custom 2,2809129213,Fast BVR Sagarmatha FA26B No AIRS-T,Sagarmath FA26 AIRST
Fast BVR Map Pack 2,PvP Custom 2,2809129213,Fast BVR DMZ FA26B Only,DMZ FA26
Fast BVR Map Pack 2,PvP Custom 2,2809129213,Fast BVR DMZ FA26B No AIRS-T,DMZ FA26 AIRST
Fast BVR Map Pack 2,PvP Custom 2,2809129213,Fast BVR Sandstorm FA26B Only,Sandstorm FA26
Fast BVR Map Pack 2,PvP Custom 2,2809129213,Fast BVR Sandstorm FA26B No AIRS-T,Sandstorm FA26 AIRST
Fast BVR Map Pack 2,PvP Custom 2,2809129213,Fast BVR Island Hopper FA26B Only,Islandhop FA26
Fast BVR Map Pack 2,PvP Custom 2,2809129213,Fast BVR Island FA26B No AIRS-T,Island FA26 AIRST
Fast BVR Map Pack 2,PvP Custom 2,2809129213,Fast BVR Sagarmatha F45 Only,Sagarmatha F45
Fast BVR Map Pack 2,PvP Custom 2,2809129213,Fast BVR DMZ F45 Only,DMZ F45
Fast BVR Map Pack 2,PvP Custom 2,2809129213,Fast BVR Sandstorm F45 Only,Sandstorm F45
Fast BVR Map Pack 2,PvP Custom 2,2809129213,Fast BVR Island Hopper F45 Only,Islandhop F45
T-55 PvP Pack,T-55 PvP Pack,2951925871,T-55 BVR PvP,T-55 BVR PvP
T-55 PvP Pack,T-55 PvP Pack,2951925871,T-55 BVR PvP Low Tech,BVR PvP Low Tech
T-55 PvP Pack,T-55 PvP Pack,2951925871,T-55 Lunar BVR PvP,T-55 Lunar BVR PvP
T-55 PvP Pack,T-55 PvP Pack,2951925871,T-55 Lunar BVR PvP Low Tech,T-55 Lunar BVR PvP Low Tech
T-55 PvP Pack,T-55 PvP Pack,2951925871,T-55 PvP Strike Mission,T-55 PvP Strike Mission
T-55 PvP Pack,T-55 PvP Pack,2951925871,T-55 PvP Strike Mission Low Tech,T-55 PvP Strike Mission Lo-Tec
T-55 PvP Pack,T-55 PvP Pack,2951925871,T-55 PvP Lunar Strike Mission,T-55 PvP Lunar Strike
T-55 PvP Pack,T-55 PvP Pack,2951925871,T-55 PvP Lunar Strike Mission Low-Tech,T-55 Lunar Strike Low-Tech
T-55 PvP Pack,T-55 PvP Pack,2951925871,T-55 PvP Alien Pillars Guns Only,T-55 Alien Pillars Guns Only
T-55 PvP Pack,T-55 PvP Pack,2951925871,T-55 PvP Alien Pillars Guns 'n Heaters,T-55 pillars guns and heaters
T-55 PvP Pack,T-55 PvP Pack,2951925871,Complete Player Training T-55 (NOT PvP),T-55 Weapon Systems Training
War on the Pacific,War on the sea,3337556014,Danger Zone (EF-24),Operation Juicy Apple
Antarctic War,Antarctic War,3315823793,Opening Strike,Opening Strike
Antarctic War,Antarctic War,3315823793,IDEK man,Evening Strike
Ace Combat: Beyond The Sky,Ace Combat 4 Continued,3050527534,SITTING DUCK,Sitting Duck v4
Ace Combat: Beyond The Sky,Ace Combat 4 Continued,3050527534,IMMINENT THREAT,Imminent Threat
Ace Combat: Beyond The Sky,Ace Combat 4 Continued,3050527534,THE NORTHERN EYE,Northern Eye
Ace Combat: Beyond The Sky,Ace Combat 4 Continued,3050527534,NARROW MARGIN,Open War
Ace Combat: Beyond The Sky,Ace Combat 4 Continued,3050527534,RENDEZVOUS,Rendezvous
Ace Combat: Beyond The Sky,Ace Combat 4 Continued,3050527534,LIFELINE,M5 Early Bird
Ace Combat: Beyond The Sky,Ace Combat 4 Continued,3050527534,The Invincible Fleet,The Invincible Fleet
Ace Combat: Beyond The Sky,Ace Combat 4 Continued,3050527534,DEEP STRIKE,M7 Deep Strike
Ace Combat: Beyond The Sky,Ace Combat 4 Continued,3050527534,SHATTERED SKIES,Shattered Skies
Ace Combat: Beyond The Sky,Ace Combat 4 Continued,3050527534,TANGO LINE,M10 Tango Line
Ace Combat: Beyond The Sky,Ace Combat 4 Continued,3050527534,OPERATION BUNKER SHOT,M9 Operation Bunker Shot
Ace Combat: Beyond The Sky,Ace Combat 4 Continued,3050527534,BARTOLOMEO FORTRESS,Bartolomeo Fortress
Ace Combat: Beyond The Sky,Ace Combat 4 Continued,3050527534,DESERT LIGHTNING,Desert Lightning
Ace Combat: Beyond The Sky,Ace Combat 4 Continued,3050527534,ESCORT,M11 Escort
Ace Combat: Beyond The Sky,Ace Combat 4 Continued,3050527534,DESERT ARROW,Desert Arrow
Ace Combat: Beyond The Sky,Ace Combat 4 Continued,3050527534,STONEHENGE OFFENSIVE,M12 Stonehenge Offensive
Ace Combat: Beyond The Sky,Ace Combat 4 Continued,3050527534,Epilogue/Free Flight,Act 1 Epilogue
Kriegers PVP+ Pack,better_default_missions,2877727873,A2A BVR Combat,default_BVR_no_AIRS
Kriegers PVP+ Pack,better_default_missions,2877727873,A2A BVR Combat (EF-24G),default_BVR_no_AIRS_EF24
Kriegers PVP+ Pack,better_default_missions,2877727873,A2A BVR Combat 16P,BVR_more_players_no_AIRS
Kriegers PVP+ Pack,better_default_missions,2877727873,T-55 A2A BVR Combat,BVR_more_players_no_AIRS_T_55
Kriegers PVP+ Pack,better_default_missions,2877727873,PVP Strike Mission,default_PVP_strike_no_AIRS
Kriegers PVP+ Pack,better_default_missions,2877727873,EF-24G PVP Strike Escort,PVP_EF-24G_escort_strike
Kriegers PVP+ Pack,better_default_missions,2877727873,PVP Strike Mission (EF-24G),default_PVP_stike_no_AIRS_EF24
Kriegers PVP+ Pack,better_default_missions,2877727873,PVP Strike Mission (EF-24G Edit),PVP_strike_EF24_edit
Kriegers PVP+ Pack,better_default_missions,2877727873,PVP Strike Mission KE,PVP_strike_mission_krieger_edt
Kriegers PVP+ Pack,better_default_missions,2877727873,T-55 PVP Strike Mission,default_PVP_strike_no_AIRS_55
Kriegers PVP+ Pack,better_default_missions,2877727873,A2A BVR COMBAT HILLS,hills_BVR_no_AIRS
Kriegers PVP+ Pack,better_default_missions,2877727873,T-55 PVP BVR Hills,T_55_BVR_MTN_HILLS
Kriegers PVP+ Pack,better_default_missions,2877727873,T-55 Low Tech PVP BVR Hills,T_55_LOW_TEC_BVR_MTN_HILLS
Kriegers PVP+ Pack,better_default_missions,2877727873,T-55 Dogfight (Guns Only),T_55_BFM
Kriegers PVP+ Pack,better_default_missions,2877727873,T-55 1V1 Dogfight (Guns Only),T_55_1V1_BFM
Kriegers PVP+ Pack,better_default_missions,2877727873,Dogfight (Guns Only) EF-24G,EF_24G_dogfight_Guns_Only
Kriegers PVP+ Pack,better_default_missions,2877727873,Dogfight (Guns Only) EF-24G vs F/A-26B,EF24vsFA26_dogfight_guns
Kriegers PVP+ Pack,better_default_missions,2877727873,Dogfight (Guns Only) F-45A,45_dogfight_guns_only
Kriegers PVP+ Pack,better_default_missions,2877727873,Dogfight Guns'n'Heaters F-45A,45_dogfight_heaters
Kriegers PVP+ Pack,better_default_missions,2877727873,F/A-26B Dogfight 16P (Guns Only),26_big_dogfight_guns_only
Kriegers PVP+ Pack,better_default_missions,2877727873,Dogfight Guns'n'Heaters 16P,26_big_dogfight_gun_and_heater
Kriegers PVP+ Pack,better_default_missions,2877727873,Dogfight (Guns Only) F-45A VS F/A-26B,45v26_dogfight_guns_only_UNI
Kriegers PVP+ Pack,better_default_missions,2877727873,Dogfight Guns'n'Heaters F-45A VS F/A-26B,45v26_dogfight_heaters_UNI
Kriegers PVP+ Pack,better_default_missions,2877727873,F/A-26B and F-45A (Mixed Team Guns Only),45a26_dogfight_guns_only_MIX
Kriegers PVP+ Pack,better_default_missions,2877727873,F/A-26B and F-45A (All weapons dogfight),45a26_dogfight_allweapon_MIX
Kriegers PVP+ Pack,better_default_missions,2877727873,A2A BVR Combat 6v6 with HC,6v6_BVR_no_AIRS_with_HC
Kriegers PVP+ Pack,better_default_missions,2877727873,A2A BVR Combat 6v6 with HC 26 only,26_only_6v6_no_AIRS_with_HC
Kriegers PVP+ Pack,better_default_missions,2877727873,Refueling practice,refueling_practice_krieger
Kriegers PVP+ Pack,better_default_missions,2877727873,T-55 A2A BVR 1V1 Tournament Edition,Tournament_T-55_BVR_1V1
Kriegers PVP+ Pack,better_default_missions,2877727873,T-55 and F/A-26B Dogfight (Guns Only),T_55_+_FA26B_BFM
SAM Busters! [Co-op],SAM Busters (Co-op),3026946086,SAM Busters! [Playground/Training],SAM Busters (Testing Grounds)
SAM Busters! [Co-op],SAM Busters (Co-op),3026946086,"SAM Busters! [The Mountains, Co-op]",Fictional Mountains
SAM Busters! [Co-op],SAM Busters (Co-op),3026946086,"SAM Busters! [Vietnam 1968, Co-op]",Korea (Inspired 1953)
SAM Busters! [Co-op],SAM Busters (Co-op),3026946086,"SAM Busters! [Agressor 2000, Co-op]",NATO Agressor Testing (2000)
SAM Busters! [Co-op],SAM Busters (Co-op),3026946086,SAM Busters! [Moscow 2010],Moscow (Historical-2010)
SAM Busters! [Co-op],SAM Busters (Co-op),3026946086,SAM Busters! [Mischief & Mayhem],Mischief & Mayhem
Dynamic Liberation,Dynamic_Liberation,2785198049,Dynamic Liberation Quick,Dynamic_Liberation_Q_N
Dynamic Liberation,Dynamic_Liberation,2785198049,Dynamic Liberation Full,Dynamic_Liberation_F_N
Dynamic Liberation,Dynamic_Liberation,2785198049,Dynamic Liberation Quick (Low Intensity),Dynamic_Liberation_Q_L
Dynamic Liberation,Dynamic_Liberation,2785198049,Dynamic Liberation Full (Low Intensity),Dynamic_Liberation_F_L
Dynamic Liberation,Dynamic_Liberation,2785198049,Dynamic Liberation Quick (High Intensity),Dynamic_Liberation_Q_H
Dynamic Liberation,Dynamic_Liberation,2785198049,Dynamic Liberation Full (High Intensity),Dynamic_Liberation_F_H
Dynamic Liberation,Dynamic_Liberation,2785198049,Dynamic Liberation Quick High Tech,Dynamic_Liberation_Q_HT
Dynamic Liberation,Dynamic_Liberation,2785198049,Dynamic Liberation Full High Tech,Dynamic_Liberation_F_HT
Dynamic Liberation,Dynamic_Liberation,2785198049,Dynamic Liberation Oops All EF-24G,Dynamic_Liberation_EF24
Dynamic Liberation,Dynamic_Liberation,2785198049,Dynamic Liberation Shazmode (AH-94/AV-42),Dynamic_Liberation_Shaz
Fading Sun,Doom,3124521551,Fading Sun 01: EF-24 Biowarfare,Doom01
Fading Sun,Doom,3124521551,Fading Sun 02: EF-24 Pestilence,Doom02
Fading Sun,Doom,3124521551,Fading Sun 03: EF-24 Death,Doom03
Fading Sun,Doom,3124521551,Fading Sun 04: EF-24G Famine,Doom04
Fading Sun,Doom,3124521551,Fading Sun 05: EF-24 War,Doom05
Fading Sun,Doom,3124521551,Fading Sun 06: EF-24 Ratpure,Doom06
时局图,时局图,3310325371,狙击艾森豪威尔,1
时局图,时局图,3310325371,机密信息,2
时局图,时局图,3310325371,夺取制空权,3
时局图,时局图,3310325371,拉锯战,4
时局图,时局图,3310325371,激光,5
puzzle in the middle-east,中东难题,3113867835,艰难登陆,1
puzzle in the middle-east,中东难题,3113867835,意料之外,2
puzzle in the middle-east,中东难题,3113867835,夜不能寐,3
puzzle in the middle-east,中东难题,3113867835,空中优势PVPVE,4
puzzle in the middle-east,中东难题,3113867835,pure PVP BVR,5
puzzle in the middle-east,中东难题,3113867835,旋翼之舞,6
puzzle in the middle-east,中东难题,3113867835,精密配合 求测试,7
puzzle in the middle-east,中东难题,3113867835,单程票 求测试,8
puzzle in the middle-east,中东难题,3113867835,难民难路 请测试,9
puzzle in the middle-east,中东难题,3113867835,天兵晨勃 选择B队  求测试,10
puzzle in the middle-east,中东难题,3113867835,美英下场 求测试,11
puzzle in the middle-east,中东难题,3113867835,清除蛀虫 待测试,12
puzzle in the middle-east,中东难题,3113867835,未完成,13
puzzle in the middle-east,中东难题,3113867835,沙漠眼镜蛇,14
puzzle in the middle-east,中东难题,3113867835,清点行动,15
puzzle in the middle-east,中东难题,3113867835,精准打击,16
puzzle in the middle-east,中东难题,3113867835,debug,17
Missile Evasion Training,Missile evasion training,2942335115,Missile evasion Training,Missile Evasion training
Practice,Practice,2834025119,Carrier Practice,CarrierP
Practice,Practice,2834025119,Airbase Practice,Airbase
Practice,Practice,2834025119,St. Peter's Training Center,St.Peter'sTraining
Nochal's Dynamic,nochal_dynamic,2794151653,Nochal's Dynamic,nochal_dynamic_1
Total Freeflight,Total Freeflight,3119660783,Total Freeflight,Total Freeflight
Total Freeflight,Total Freeflight,3119660783,Total Freeflight (No PvP),Total Freeflight (No PvP)
2-4 Player CO-OP Missions,Iran invasion,3257086780,Iran Invasion,INvade
2-4 Player CO-OP Missions,Iran invasion,3257086780,"Kill Nasrallah, Operation Dead Rat.",Kill Nasrallah
2-4 Player CO-OP Missions,Iran invasion,3257086780,Syria Liberation: Day 1,Syria invasion campaign 1
Norway Fjords Dynamic COOP,Norway Fjords Co-op,3162850150,Norway Fjords Dynamic COOP,Norway DynCoop
Norway Fjords Dynamic COOP,Norway Fjords Co-op,3162850150,Norway Fjords Dynamic COOP (2Seat),Norway DynCoop 2SEAT
Norway Fjords Dynamic COOP,Norway Fjords Co-op,3162850150,Norway Fjords Dynamic COOP (Hard),Norway DynCoop HARD
Norway Fjords Dynamic COOP,Norway Fjords Co-op,3162850150,"Norway Fjords Dynamic COOP (2Seat,Hard)",Norway DynCoop 2SEAT HARD
Desert Storm Weasel,IADS,3280411896,Standard,mission 1
Desert Storm Weasel,IADS,3280411896,mid-tech,lowtech
AH-94 Multiplayer Missions,AH-94 Missions,2896477023,AH-94 Mission - Base Raiders,Base Raiders
N64 Racing Maps,PodRacing,2871110672,Podrace - Boonta Eve Classic,Podrace - Boonta Eve Classic
N64 Racing Maps,PodRacing,2871110672,Podrace - Beedo's Wild Ride - Ando Prime,Podrace - Beedo's Wild Ride
N64 Racing Maps,PodRacing,2871110672,Podrace - Mon Gazza Speedway,Podrace - Mon Gazza Speedway
N64 Racing Maps,PodRacing,2871110672,WaveRace - Hydro Thunder,Racing - Hydro Thunder
N64 Racing Maps,PodRacing,2871110672,Mario Kart - Rainbow Road,Mario Kart - Rainbow Road
N64 Racing Maps,PodRacing,2871110672,Mario Kart - T55 Bowsers Castle,Mario Kart -T55 Bowsers Castle
N64 Racing Maps,PodRacing,2871110672,Mario Kart - EF24 Bowsers Castle,Mario Kart-EF24 Bowsers Castle
N64 Racing Maps,PodRacing,2871110672,DK Racing AV42 - Spaceport Alpha,DK Racing AV42-Spaceport Alpha
N64 Racing Maps,PodRacing,2871110672,DK Racing AH94 - Spaceport Alpha,DK Racing AH94-Spaceport Alpha
N64 Racing Maps,PodRacing,2871110672,EF24 Snowboarding,EF24 Racing - Snowboarding
Open World Combat V2,Open World Combat V2,2870702500,"Open World Combat V2 (PvE, Standard)",Standard Dynamic
Open World Combat V2,Open World Combat V2,2870702500,"Open World Combat V2 (PvE, Casual)",Casual-Dynamic
Open World Combat V2,Open World Combat V2,2870702500,"Open World Combat V2 (PvP, 3-Base)",PvP Domination
Open World Combat V2,Open World Combat V2,2870702500,"Open World Combat V2 (PvP, Takeover)",PvP Full Assault
Open World Combat V2,Open World Combat V2,2870702500,Open World Combat V2 (Target Practice),Target Practice
Operation Flame Serpent,Operation Flame Serpent,3416112025,Operation Flame Serpent,Operation Flaming Serpent V1.0
Operation Iron Tide,PvPvE UK invasion Campaign,3555120803,Operation Iron Tide,Invasion of United Kingdom
Operation Midnight Tempest,Operation Midnight Tempest,3568412389,Mission 1,Mission 1
Operation Midnight Tempest,Operation Midnight Tempest,3568412389,Mission 2,Mission 2
topgun:maverick,wings,2852026728,topgun:maverick,topgun2
Syria Helicopter Coop,Syria Russian Helicopters COOP,2846809035,Russian Helicopter COOP Syria,Syria Russian Helicopter COOP
BVR PVP,MP PVP,2836261265,FA-26 PVP BVR WITH AWACS,FA-26B BVR PVP
BVR PVP,MP PVP,2836261265,"FA-26 PVP BVR, AWACS, NO AIRS-Ts",FA-26B BVR PVP NO AIRS-T
BVR PVP,MP PVP,2836261265,"FA-26 PVP BVR, NO AWACS",FA-26B BVR PVP NO AWACS
BVR PVP,MP PVP,2836261265,"FA-26 PVP BVR, NO AWACS, NO AIRS-T",FA-26B BVR PVP NO AWACS AIRS-T
BVR PVP,MP PVP,2836261265,F26 BVR over Whistler BC,F26 BVR WHISTLER IN AIR LAUNCH
BVR PVP,MP PVP,2836261265,F26 Only PVP strike mission BETA,F26 PVP STRIKE MISSON
BVR PVP,MP PVP,2836261265,FA-26 PVP BVR DESTROY THE BUNKER *BETA*,F26 BVR DESTROY THE BUNKER
BVR PVP,MP PVP,2836261265,T-55 BVR over Whistler BC,T-55 BVR Whistler air start
BVR PVP,MP PVP,2836261265,"T-55 PVP BVR, NO AWACS, NO AIRS-T",T55 BVR PVP NO AIRS-T NO AWACS
BVR PVP,MP PVP,2836261265,T55 BVR over the Andes,T55 BVR over the Andes
Dope's Unlimited,Dope's FreeFlight Maps,2911577692,Coastal Combat Air Patrol,Boreal Combat Air Patrol
Dope's Unlimited,Dope's FreeFlight Maps,2911577692,Coastal Combat Air Patrol,Boreal CAP (Unlimited Fuel)
Dope's Unlimited,Dope's FreeFlight Maps,2911577692,Weather/Time Cycling Desert FreeFlight,Dope's HD Desert Freeflight
Dope's Unlimited,Dope's FreeFlight Maps,2911577692,"Arctic PVE CQC (Seekers,Guns,Jammers)",Arctic PVEQCQ Guns and Seekers
Dope's Unlimited,Dope's FreeFlight Maps,2911577692,Weather/Wind/Day Cycling FreeFlight,Chill HD Borean Freeflight
Fatal Skies: SoD,Remora Security Services_mp,2801064169,[FS-00] READ ME (info only),00 - READ ME (info only)
Fatal Skies: SoD,Remora Security Services_mp,2801064169,[FS-01] Lawless Seas,01 - Lawless Seas
Fatal Skies: SoD,Remora Security Services_mp,2801064169,[FS-02] Enemy of my Enemy,02 - Enemy of my Enemy
Fatal Skies: SoD,Remora Security Services_mp,2801064169,[FS-03] Return to Sender,03 - Return to Sender
Fatal Skies: SoD,Remora Security Services_mp,2801064169,[FS-04] Midnight Strike,04 - Midnight Strike
Fatal Skies: SoD,Remora Security Services_mp,2801064169,[FS-05] Hornet's Nest,05 - Hornet's Nest
Fatal Skies: SoD,Remora Security Services_mp,2801064169,[FS-06] Breach of Contract,06 - Breach of Contract
Fatal Skies: SoD,Remora Security Services_mp,2801064169,[FS-07] Wanted,07 - Wanted
Fatal Skies: SoD,Remora Security Services_mp,2801064169,[FS-08] Diplomatic Immunity,08 - Diplomatic Immunity
Fatal Skies: SoD,Remora Security Services_mp,2801064169,[FS-09] Repossession,09 - Repossession
Fatal Skies: SoD,Remora Security Services_mp,2801064169,[FS-10] Sword & Shield,10 - Sword & Shield
Fatal Skies: SoD,Remora Security Services_mp,2801064169,[FS-EM] (H)Ydra Liberation,EM - (H)Ydra Liberation
Fatal Skies: SoD,Remora Security Services_mp,2801064169,[FS-EM] Hydra Free Flight,EM - Hydra Practice
Fatal Skies: SoD,Remora Security Services_mp,2801064169,[FS-EM] Bottom Gun: Reserves,EM - Bottom Gun
Fatal Skies: SoD,Remora Security Services_mp,2801064169,[FS-EM] Formula Launch: Avalon Circuit,EM - Formula Launch
Thunderdome Deathmatch Map,The Thunderdome,2795546772,The Thunderdome Deathmatch Arena 100pts,thunderdome 8v8
Thunderdome Deathmatch Map,The Thunderdome,2795546772,The Thunderdome Infinity Hydras AH-94,thunderdome hydras infinite
Thunderdome Deathmatch Map,The Thunderdome,2795546772,The Thunderdome Free-Flight,thunderdome free-flight
Thunderdome Deathmatch Map,The Thunderdome,2795546772,The Thunderdome Hydras AH-94 Deathmatch,thunderdome hydras cwis
Thunderdome Deathmatch Map,The Thunderdome,2795546772,The Thunderdome GBUs AH-94 Deathmatch,thunderdome gbu
Thunderdome Deathmatch Map,The Thunderdome,2795546772,The Thunderdome Hydras Deathmatch 100pts,thunderdome hydras
Thunderdome Deathmatch Map,The Thunderdome,2795546772,SpaghettiDome Hydras AH-94,SpaghettiDome Hydras
Thunderdome Deathmatch Map,The Thunderdome,2795546772,CursedPillars AH-94 Arena (Hydras),cursedPillars Hydras
Battlefield 3 coop v2,Battlefield 3 cooperative,2793585682,Going Hunting (BF3) coop,Battlefield 3 Cooperative
War Against Isis,Campagin aginst isis 2016-2017,2793240536,Iraqs war against Islamic State,The Battle of Mosul معركة المو
Operation Double Strike,operation Double Punch_mp,3524985837,OP.DS.MP.M1,opdpmp mission 1
Operation Double Strike,operation Double Punch_mp,3524985837,OP.DS.MP.M.2,opdpmp mission 2
Cooperative Missions,COOP Missions,2913932449,Attack/Liberate/Rescue,Cooperative Multi-Wing
Cooperative Missions,COOP Missions,2913932449,EASY Attack/Liberate/Rescue,Easy Cooperative Muilti-Wing
Economy Warfare,Economy Warfare,3025843835,Economy Warfare PVP,Economy Warfare PVP
Ace Combat 04 Campaign,Ace Combat 04 Campaign,2939726351,[AC04 #01] Sitting Duck,sittingduck
Ace Combat 04 Campaign,Ace Combat 04 Campaign,2939726351,[AC04 #02] Imminent Threat,imminentthreat
Ace Combat 04 Campaign,Ace Combat 04 Campaign,2939726351,[AC04 #03] The Northern Eye,the northern eye
Ace Combat 04 Campaign,Ace Combat 04 Campaign,2939726351,[AC04 #04] Blockade,blockade
Ace Combat 04 Campaign,Ace Combat 04 Campaign,2939726351,[AC04 #05] Lifeline,lifeline
Ace Combat 04 Campaign,Ace Combat 04 Campaign,2939726351,[AC04 #06] Invincible Fleet,invincible fleet copy
Ace Combat 04 Campaign,Ace Combat 04 Campaign,2939726351,[AC04 #07] Deep Strike,deepstrike
Ace Combat 04 Campaign,Ace Combat 04 Campaign,2939726351,[AC04 #08] Shattered Skies,shatteredskies
Ace Combat 04 Campaign,Ace Combat 04 Campaign,2939726351,[AC04 #09] Operation Bunker Shot,OperationBunkerShot
Ace Combat 04 Campaign,Ace Combat 04 Campaign,2939726351,[AC04 #10] Tango Line,tangoline
Ace Combat 04 Campaign,Ace Combat 04 Campaign,2939726351,[AC04 #11] Escort,escort
Ace Combat 04 Campaign,Ace Combat 04 Campaign,2939726351,[AC04 #12] Stonehenge Offensive,stonehengeoffensive
Ace Combat 04 Campaign,Ace Combat 04 Campaign,2939726351,[AC04 #13] Safe Return,safereturn
Ace Combat 04 Campaign,Ace Combat 04 Campaign,2939726351,[AC04 #14] Breaking Arrows,BreakingArrows
Ace Combat 04 Campaign,Ace Combat 04 Campaign,2939726351,[AC04 #15] Emancipation,emancipation
Ace Combat 04 Campaign,Ace Combat 04 Campaign,2939726351,[AC04 #16] Whiskey Corridor,WhiskeyCorridor
Ace Combat 04 Campaign,Ace Combat 04 Campaign,2939726351,[AC04 #17] Siege of Farbanti,SiegeOfFarbanti
Ace Combat 04 Campaign,Ace Combat 04 Campaign,2939726351,[AC04 #18] Megalith,Megalith
Operation Desert Strike,Operation Desert Strike,3352901276,Operation Desert Strike,Operation Desert Strike
Operation Silence,Operation Silence,3452154355,Phase 1 Airbase,Phase 1 Airbase CAP
Operation Silence,Operation Silence,3452154355,Phase 2 Recon,Phase 2 Reconnaissance
Operation Silence,Operation Silence,3452154355,Phase 3 Destroy,Phase 3 Destroy
 Rip Off Carrier Fun V4,Free For All,3282844556,Carrier Fun V4,Free For All
AC Style Fighting Anena,Wesley Training Campaign,3250835763,Endless Missle Arena PvPvE,Missle Arena
AC Style Fighting Anena,Wesley Training Campaign,3250835763,Endless Missile Anena PvE,Training all cloud
AC Style Fighting Anena,Wesley Training Campaign,3250835763,Dogfight Arena(Gun and Heaters),Training dogfight G&H
AC Style Fighting Anena,Wesley Training Campaign,3250835763,Dogfight Arena(Gun only),Training dogfight cloud
AC Style Fighting Anena,Wesley Training Campaign,3250835763,Dogfight practicing(WIP),Dogfight practicing
AC Style Fighting Anena,Wesley Training Campaign,3250835763,Endless Missle Arena PvPvE Mod Ver,Missile Arena F16
Conflictt's Mission Pack,ARMAPackage,3155140727,Operation - Velvet Glove(V1.8),Operation - Velvet Glove
Conflictt's Mission Pack,ARMAPackage,3155140727,Operation - Looming Eagle,Operation - Looming Eagle
test,test,3470673636,untitled,test hoj
test,test,3470673636,test,test long range radar
Revo's Ultimate MP Co-op,MP_COOP,3144279670,Ultimate MP Co-op,mission
Hawks & Talks V2,Hawks & Talks V2,3128990001,HNT Chameleon Bay Formation,Hawks & Talks Home Base
Hawks & Talks V2,Hawks & Talks V2,3128990001,HNT Chameleon Bay Formation (Modded),Hawks&Talks Home Base (Modded)
EF-24 Naval Strike,EF-24 Naval Strike,3127554202,EF-24 Hong Kong Strike,EF-24 Hong Kong Strike
EF-24 Naval Strike,EF-24 Naval Strike,3127554202,EF-24 Hong Kong (Arcade),EF-24 Hong Kong Arcade
operation hidden war,mountainsSwarm,3504475059,1: Unexpected guests,hiddenWar1
operation hidden war,mountainsSwarm,3504475059,2: the raid,hiddenWar2
operation hidden war,mountainsSwarm,3504475059,3: Tactical retreat,hiddenWar3
operation hidden war,mountainsSwarm,3504475059,4: November-6,hiddenWar4
operation hidden war,mountainsSwarm,3504475059,5: Gathering intel,hiddenwar5
operation hidden war,mountainsSwarm,3504475059,6: The Siren,hiddenWar6
operation hidden war,mountainsSwarm,3504475059,7: Counter attack,hiddenWar7
operation hidden war,mountainsSwarm,3504475059,8: The city in the clouds,hiddenWar8
operation hidden war,mountainsSwarm,3504475059,9: shameful display,hiddenWar9
Fast BVR Map Pack 1,PVP Custom,2777976102,Fast BVR Wastelands,BVR Wastelands
Fast BVR Map Pack 1,PVP Custom,2777976102,Fast BVR Kemano,BVR Kemano
Fast BVR Map Pack 1,PVP Custom,2777976102,Fast BVR Ocean,BVR Water
Fast BVR Map Pack 1,PVP Custom,2777976102,Fast BVR Arctic Islands,BVR Artic
Fast BVR Map Pack 1,PVP Custom,2777976102,Fast BVR Wastelands No AIRS-T,Wasteland NO AIRST
Fast BVR Map Pack 1,PVP Custom,2777976102,Fast BVR Kemano No AIRS-T,Kemano AIM120
Fast BVR Map Pack 1,PVP Custom,2777976102,Fast BVR Ocean No AIRS-T,Water Radar
Fast BVR Map Pack 1,PVP Custom,2777976102,Fast BVR Arctic Island No AIRS-T,Arctic Radar
Fast BVR Map Pack 1,PVP Custom,2777976102,Fast BVR Wastelands FA26B Only,BVR Wastelands FA26 Only
Fast BVR Map Pack 1,PVP Custom,2777976102,Fast BVR Wastelands FA26B No AIRS-T,Wastelands FA26 AIRST
Fast BVR Map Pack 1,PVP Custom,2777976102,Fast BVR Kemano FA26B Only,BVR Kemano FA26 Only
Fast BVR Map Pack 1,PVP Custom,2777976102,Fast BVR Kemano FA26B No AIRS-T,Kemano FA26 AIRST
Fast BVR Map Pack 1,PVP Custom,2777976102,Fast BVR Ocean FA26B Only,BVR Water FA26 Only
Fast BVR Map Pack 1,PVP Custom,2777976102,Fast BVR Ocean FA26B No AIRS-T,Water FA26 AIRST
Fast BVR Map Pack 1,PVP Custom,2777976102,Fast BVR Arctic Islands FA26B Only,BVR Arctic FA26 Only
Fast BVR Map Pack 1,PVP Custom,2777976102,Fast BVR Arctic FA26B No AIRS-T,Arctic FA26 AIRST
Fast BVR Map Pack 1,PVP Custom,2777976102,Fast BVR Wastelands F45 Only,BVR Wastelands F45 Only
Fast BVR Map Pack 1,PVP Custom,2777976102,Fast BVR Kemano F45 Only,BVR Kemano F45 Only
Fast BVR Map Pack 1,PVP Custom,2777976102,Fast BVR Ocean F45 Only,BVR Water F45 Only
Fast BVR Map Pack 1,PVP Custom,2777976102,Fast BVR Arctic Islands F45 Only,BVR Arctic F45 Only
Fast BVR Map Pack 1,PVP Custom,2777976102,Fast BVR Wastelands BOTS,BVR Wastelands bots
Fast BVR Map Pack 1,PVP Custom,2777976102,Fast BVR Arctic Islands Bots,BVR Arctic bots
Fast BVR Map Pack 1,PVP Custom,2777976102,Fast BVR Wastelands T55 Only,BVR Wastelands T55
The Caucasus,The Cockasus,3471258998,Caucasus BVR,BVR
The Caucasus,The Cockasus,3471258998,Caucasus Liberation,PVE
PVE Dynamic v1,mp_test,3032021615,Fosi Invasion,pve_dynamic
Sandstorm Dynamic PVE,Sandstorm Dynamic PVE mission,3416426214,Dynamic Sandstorm,Sandstorm Dynamic
Sandstorm Dynamic PVE,Sandstorm Dynamic PVE mission,3416426214,Sandstorm Dynamic Day 2,Sandstorm Dynamic 2
Sandstorm Dynamic PVE,Sandstorm Dynamic PVE mission,3416426214,Sandstorm Dynamic Day 2 (Low Tech),Sandstorm Dynamic 2 Low Tech
Sandstorm Dynamic PVE,Sandstorm Dynamic PVE mission,3416426214,Sandstorm Dynamic Day 2 (F16+A10),Sandstorm Dynamic 2 + Mods
Sandstorm Dynamic PVE,Sandstorm Dynamic PVE mission,3416426214,Sandstorm Dynamic Day 2(LowTech+F16&A10),Sandstorm Dynamic 2 LT + Mods
Sandstorm Dynamic PVE,Sandstorm Dynamic PVE mission,3416426214,Sandstorm Dynamic Day 2 (SU47+F16+A10),Sandstorm Dynamic 2 + SU47
PVP REICH CAMPAIGN,SCRIM,3479874073,城市实控权De facto control over the city,Scrim
PVP REICH CAMPAIGN,SCRIM,3479874073,城市实控权De facto control over the city,2
bvr training for f26+T55,f26 bvr ai,3019154401,1vs 6 ai f26,f26
bvr training for f26+T55,f26 bvr ai,3019154401,1vs 6 ai f26 with aim7,f26 aim7+88
bvr training for f26+T55,f26 bvr ai,3019154401,1vs 4 ai f26,1vs4
bvr training for f26+T55,f26 bvr ai,3019154401,1vs 2 ai f26,1vs2
bvr training for f26+T55,f26 bvr ai,3019154401,1vs 1 ai f26,1vs1
bvr training for f26+T55,f26 bvr ai,3019154401,1vs 6 ai f26 with aim7,1v6 5aim7+1 aim120
bvr training for f26+T55,f26 bvr ai,3019154401,1vs 6 ai f26 CGK,1v6 ai CGK
bvr training for f26+T55,f26 bvr ai,3019154401,1vs 1 ai f26,new
Invasion Of Corsica (MP),multiplayer corsica,3009823613,AH-94 PvP Arena. (Hydra),Helicopter PVP
Invasion Of Corsica (MP),multiplayer corsica,3009823613,Dynamic Corsica invasion,PvE
Invasion Of Corsica (MP),multiplayer corsica,3009823613,Corsica freeflight with guns,PvP
Invasion Of Corsica (MP),multiplayer corsica,3009823613,Invasion de la Corse Aléatoire,Invasion de la Corse Aléatoir
Invasion Of Corsica (MP),multiplayer corsica,3009823613,ランダム化されたコルシカ侵攻,ランダム化されたコルシカ侵攻
清理蛀虫,清理蛀虫,2993385956,站稳脚跟,1
清理蛀虫,清理蛀虫,2993385956,激烈争夺,争夺
清理蛀虫,清理蛀虫,2993385956,测试,3
BVR Pro for f26+t55,bvr,2991081634,BVR Pro no AIRS-T 8vs8 F26+t55,BVR 8v8 No Airs-t
BVR Pro for f26+t55,bvr,2991081634,BVR T55 only no AIRS-T 8vs8,BVR T55 only no AIRS-T 8vs8
BVR Pro for f26+t55,bvr,2991081634,Fast BVR T55+F26 no AIRS-T 8vs8,Fast BVR T55 only no AIRST 8V8
BVR Pro for f26+t55,bvr,2991081634,BVR Pro no AIRS-T 8vs8 F26 only,BVR F26 only 8v8 no AIRST
BVR Pro for f26+t55,bvr,2991081634,BVR for match f26 only,f26 BVR for match
BVR Pro for f26+t55,bvr,2991081634,Fast BVR f26 only no AIRS-T 8vs8,fast bvr f26 no airst
BVR Pro for f26+t55,bvr,2991081634,Fast BVR f26 only 2v2,f26 2v2
BVR Pro for f26+t55,bvr,2991081634,BVR Pro with great wind no AIRS-T,BVR Pro with great wind no AIR
Dynamic Island Takeover,dynamicislandtakeover_mp,2969777096,Dynamic Island Takeover [AH-94],dynislandtakeover
Dynamic Island Takeover,dynamicislandtakeover_mp,2969777096,Dynamic Island Takeover [PT Wind],dynislandtakeoverwind
AH-94 Island Takeover,ah94desert,2963067991,AH-94 Island Takeover,mission1
bvr training for f26+T55,f26 bvr ai,3120688372,1vs 6 ai f26,f26
bvr training for f26+T55,f26 bvr ai,3120688372,1vs 6 ai f26 with aim7,f26 aim7+88
bvr training for f26+T55,f26 bvr ai,3120688372,1vs 4 ai f26,1vs4
bvr training for f26+T55,f26 bvr ai,3120688372,1vs 2 ai f26,1vs2
bvr training for f26+T55,f26 bvr ai,3120688372,1vs 1 ai f26,1vs1
bvr training for f26+T55,f26 bvr ai,3120688372,1vs 6 ai f26 with aim7,1v6 5aim7+1 aim120
bvr training for f26+T55,f26 bvr ai,3120688372,1vs 8 ai f26 CGK,1v6 ai CGK
bvr training for f26+T55,f26 bvr ai,3120688372,1vs 1 ai f26,new
bvr training for f26+T55,f26 bvr ai,3120688372,1vs 6 ai f26 CGK,1v8 f26 CDK
bvr training for f26+T55,f26 bvr ai,3120688372,1vs 6 ai f26 no ew,1v6 no ew
bvr training for f26+T55,f26 bvr ai,3120688372,1vs 4 ai f26 no ew,1v4 no ew
bvr training for f26+T55,f26 bvr ai,3120688372,1vs 2 ai f26 no ew,1v2 no ew
bvr training for f26+T55,f26 bvr ai,3120688372,1vs 1 ai f26 no ew,1v1 no ew
bvr training for f26+T55,f26 bvr ai,3120688372,1vs 8 ai f26 CGK no ew,1v8 cgk no ew
bvr training for f26+T55,f26 bvr ai,3120688372,1vs 8 ai f26 cdk no ew,1v8 cdk no ew
HZ COOP Missions,HZ_Misc_Missions,2722787658,CO-08 Dock Destroyers,CO_08_Dock_Destroyers
HZ COOP Missions,HZ_Misc_Missions,2722787658,CO-08 Rig Hunters,CO_08_RigHunter
HZ COOP Missions,HZ_Misc_Missions,2722787658,CO-08 Overwatch,CO-08_Overwatch
HZ COOP Missions,HZ_Misc_Missions,2722787658,CO-08 Land War (BROKEN CURRENTLY),CO_08_Land_War
HZ COOP Missions,HZ_Misc_Missions,2722787658,CO-08 Land War 2 (BETA),CO_08_Land_War2
